Source,Target,Type,id,label,timeset,weight
7177913734,878018918955915,Directed,0,,,1.0
7177913734,331461610207476,Directed,1,,,1.0
7177913734,185881711491789,Directed,2,,,1.0
7177913734,402953156537474,Directed,3,,,1.0
7177913734,151112888274509,Directed,4,,,1.0
7177913734,216466788372871,Directed,5,,,1.0
7177913734,6387039835,Directed,6,,,1.0
7177913734,113231398718617,Directed,7,,,1.0
878018918955915,182457891836834,Directed,8,,,1.0
878018918955915,222274914450586,Directed,9,,,1.0
878018918955915,569332913089617,Directed,10,,,1.0
878018918955915,426243744088664,Directed,11,,,1.0
878018918955915,116710305100240,Directed,12,,,1.0
878018918955915,178643148813259,Directed,13,,,1.0
878018918955915,259361797547587,Directed,14,,,1.0
878018918955915,162276793813365,Directed,15,,,1.0
878018918955915,73239750875,Directed,16,,,1.0
878018918955915,39860039925,Directed,17,,,1.0
878018918955915,208367262536441,Directed,18,,,1.0
878018918955915,205384862843835,Directed,19,,,1.0
878018918955915,8024953523,Directed,20,,,1.0
878018918955915,27479046178,Directed,21,,,1.0
878018918955915,106467744015,Directed,22,,,1.0
878018918955915,119056238107084,Directed,23,,,1.0
878018918955915,108433975887375,Directed,24,,,1.0
878018918955915,356163161993,Directed,25,,,1.0
878018918955915,211513165580442,Directed,26,,,1.0
878018918955915,294310427251696,Directed,27,,,1.0
878018918955915,20809428467,Directed,28,,,1.0
878018918955915,191150541024536,Directed,29,,,1.0
878018918955915,13655260370,Directed,30,,,1.0
878018918955915,23899261428,Directed,31,,,1.0
878018918955915,322109601268040,Directed,32,,,1.0
878018918955915,266527350180191,Directed,33,,,1.0
878018918955915,175530655810201,Directed,34,,,1.0
878018918955915,90245883058,Directed,35,,,1.0
878018918955915,117621238384764,Directed,36,,,1.0
878018918955915,509242765863924,Directed,37,,,1.0
878018918955915,584863418260009,Directed,38,,,1.0
878018918955915,419843481381366,Directed,39,,,1.0
878018918955915,6519099844,Directed,40,,,1.0
878018918955915,132257196788972,Directed,41,,,1.0
878018918955915,13673457388,Directed,42,,,1.0
878018918955915,215281808519580,Directed,43,,,1.0
878018918955915,293212904044024,Directed,44,,,1.0
878018918955915,6665638842,Directed,45,,,1.0
878018918955915,24154059750,Directed,46,,,1.0
878018918955915,6150859770,Directed,47,,,1.0
878018918955915,9465008123,Directed,48,,,1.0
878018918955915,142112605831725,Directed,49,,,1.0
878018918955915,9122810019,Directed,50,,,1.0
878018918955915,462962073803090,Directed,51,,,1.0
878018918955915,125485372514,Directed,52,,,1.0
878018918955915,7177913734,Directed,53,,,1.0
151112888274509,67691197470,Directed,54,,,1.0
151112888274509,7177913734,Directed,55,,,1.0
6387039835,117422868343121,Directed,56,,,1.0
6387039835,34477598010,Directed,57,,,1.0
6387039835,104434530996,Directed,58,,,1.0
182457891836834,8024953523,Directed,59,,,1.0
222274914450586,175530655810201,Directed,60,,,1.0
222274914450586,9122810019,Directed,61,,,1.0
222274914450586,13673457388,Directed,62,,,1.0
222274914450586,13655260370,Directed,63,,,1.0
222274914450586,23899261428,Directed,64,,,1.0
116710305100240,322109601268040,Directed,65,,,1.0
116710305100240,13655260370,Directed,66,,,1.0
73239750875,9122810019,Directed,67,,,1.0
73239750875,878018918955915,Directed,68,,,1.0
8024953523,182457891836834,Directed,69,,,1.0
106467744015,13673457388,Directed,70,,,1.0
106467744015,222274914450586,Directed,71,,,1.0
106467744015,23899261428,Directed,72,,,1.0
20809428467,6150859770,Directed,73,,,1.0
20809428467,9122810019,Directed,74,,,1.0
266527350180191,132257196788972,Directed,75,,,1.0
266527350180191,20809428467,Directed,76,,,1.0
266527350180191,222274914450586,Directed,77,,,1.0
266527350180191,24154059750,Directed,78,,,1.0
266527350180191,13655260370,Directed,79,,,1.0
266527350180191,13673457388,Directed,80,,,1.0
419843481381366,6519099844,Directed,81,,,1.0
6519099844,878018918955915,Directed,82,,,1.0
6519099844,8024953523,Directed,83,,,1.0
6519099844,13673457388,Directed,84,,,1.0
6519099844,216466788372871,Directed,85,,,1.0
132257196788972,222274914450586,Directed,86,,,1.0
132257196788972,208367262536441,Directed,87,,,1.0
132257196788972,9122810019,Directed,88,,,1.0
132257196788972,175530655810201,Directed,89,,,1.0
13673457388,175530655810201,Directed,90,,,1.0
13673457388,9465008123,Directed,91,,,1.0
13673457388,9122810019,Directed,92,,,1.0
13673457388,39860039925,Directed,93,,,1.0
13673457388,132257196788972,Directed,94,,,1.0
215281808519580,175530655810201,Directed,95,,,1.0
215281808519580,222274914450586,Directed,96,,,1.0
215281808519580,13673457388,Directed,97,,,1.0
293212904044024,878018918955915,Directed,98,,,1.0
293212904044024,9122810019,Directed,99,,,1.0
6150859770,208367262536441,Directed,100,,,1.0
6150859770,90245883058,Directed,101,,,1.0
142112605831725,878018918955915,Directed,102,,,1.0
9122810019,20809428467,Directed,103,,,1.0
125485372514,462962073803090,Directed,104,,,1.0
125485372514,27479046178,Directed,105,,,1.0
125485372514,215281808519580,Directed,106,,,1.0
104434530996,117422868343121,Directed,107,,,1.0
104434530996,6387039835,Directed,108,,,1.0
